Total Cost,Total Score
4.379463092800001e9,39230.09552
