Total Cost,Total Score
6.069833055100002e9,65129.47044999999
