Total Cost,Total Score
3.818841076800001e9,35154.241440000005
