Total Cost,Total Score
3.8060824246499996e9,48081.05938200001
