Hospital_Level_Index,Hospital_Level,Bed_Capacity,Construction_Cost_Million,Land_Use_sqm
1,1,197,14.35345545,5705
2,2,167,10.76572561,4558
3,3,117,9.463019098,3599
4,4,153,5.85069466,3135
5,5,59,1.089844419,1235
