Hospital_Level_Index,Hospital_Level,Bed_Capacity,Construction_Cost_Million,Land_Use_sqm
1,1,25,34.19957975,7943.12
2,2,100,63.12295405,14660.8
3,3,250,272.4197283,41260.9
4,4,500,702.0498092,106333
