Total Cost,Total Score
1.8972170221499996e9,21143.49304
