Total Cost,Total Score
1.9121311853499997e9,29554.692439
